jour_fin,fenetre_jours,code_commune,section_naf,nom_commune,libelle_section_naf,nb_creations,nb_immatriculations,nb_transferts,nb_ventes_fonds,nb_modifications,nb_radiations,nb_sauvegardes,nb_redressements,nb_liquidations,nb_plans_cession,nb_defaillances,nb_depots_comptes,nb_evenements,solde_net
2026-09-22,30,34172,Z,Montpellier,Secteur non renseigne,21,0,3,0,18,14,0,2,2,0,4,25,90,5
2026-09-22,30,34172,G,Montpellier,"Commerce, reparation d'automobiles",11,0,4,2,4,9,0,2,1,0,3,5,40,1
2026-09-22,30,34172,M,Montpellier,"Activites specialisees, scientifiques et techniques",3,0,2,0,2,1,0,0,2,0,2,14,24,0
2026-09-22,30,34172,F,Montpellier,Construction,0,0,0,0,1,5,0,3,1,0,4,8,23,-6
2026-09-22,30,34172,I,Montpellier,Hebergement et restauration,1,0,0,0,2,2,0,2,2,0,4,10,23,-3
2026-09-22,30,34172,H,Montpellier,Transports et entreposage,15,0,0,0,1,4,0,0,0,0,0,0,20,11
2026-09-22,30,34172,J,Montpellier,Information et communication,6,0,2,0,2,1,0,0,0,0,0,9,20,5
2026-09-22,30,34057,Z,Castelnau-le-Lez,Secteur non renseigne,3,0,1,1,0,2,0,0,0,0,0,9,17,1
2026-09-22,30,34032,Z,Béziers,Secteur non renseigne,5,0,3,0,4,1,0,0,1,0,1,2,16,3
2026-09-22,30,34172,L,Montpellier,Activites immobilieres,5,0,1,0,0,2,0,0,0,0,0,8,16,3
2026-09-22,30,34301,Z,Sète,Secteur non renseigne,0,0,0,1,4,0,0,0,0,0,0,10,16,0
2026-09-22,30,34154,Z,Mauguio,Secteur non renseigne,4,0,0,0,2,1,0,0,0,0,0,6,13,3
2026-09-22,30,34003,Z,Agde,Secteur non renseigne,3,0,1,0,2,1,0,0,0,0,0,4,11,2
2026-09-22,30,34032,L,Béziers,Activites immobilieres,4,0,4,0,2,0,0,0,0,0,0,1,11,4
2026-09-22,30,34032,F,Béziers,Construction,0,0,6,0,2,0,0,0,1,0,1,1,10,-1
2026-09-22,30,34172,N,Montpellier,Services administratifs et de soutien,1,0,0,0,1,1,0,0,1,0,1,6,10,-1
2026-09-22,30,34129,Z,Lattes,Secteur non renseigne,0,0,0,0,1,1,0,0,0,0,0,7,9,-1
2026-09-22,30,34145,Z,Lunel,Secteur non renseigne,2,0,0,1,0,1,0,0,0,0,0,4,9,1
2026-09-22,30,34172,K,Montpellier,Activites financieres et d'assurance,0,0,0,0,1,1,0,0,1,0,1,5,8,-2
2026-09-22,30,34032,M,Béziers,"Activites specialisees, scientifiques et techniques",1,0,0,0,2,0,0,0,0,0,0,3,7,1
2026-09-22,30,34172,S,Montpellier,Autres activites de services,1,0,0,0,2,0,0,0,0,0,0,3,7,1
2026-09-22,30,34032,G,Béziers,"Commerce, reparation d'automobiles",1,0,2,0,1,1,0,0,0,0,0,1,6,0
2026-09-22,30,34032,H,Béziers,Transports et entreposage,5,0,0,0,0,1,0,0,0,0,0,0,6,4
2026-09-22,30,34032,S,Béziers,Autres activites de services,0,0,0,0,2,1,0,0,0,0,0,3,6,-1
2026-09-22,30,34172,C,Montpellier,Industrie manufacturiere,1,0,0,0,1,2,0,1,0,0,1,1,6,-1
2026-09-22,30,34198,Z,Pérols,Secteur non renseigne,0,0,0,0,0,1,0,0,0,0,0,4,6,-1
2026-09-22,30,34270,G,Saint-Jean-de-Védas,"Commerce, reparation d'automobiles",0,0,0,0,0,1,0,0,0,0,0,5,6,-1
2026-09-22,30,34327,Z,Vendargues,Secteur non renseigne,1,0,1,0,1,0,0,0,0,0,0,3,6,1
2026-09-22,30,34344,Z,La Grande-Motte,Secteur non renseigne,1,0,1,0,2,0,0,0,0,0,0,2,6,1
2026-09-22,30,34032,I,Béziers,Hebergement et restauration,1,0,0,0,0,2,0,0,0,0,0,1,5,-1
2026-09-22,30,34032,N,Béziers,Services administratifs et de soutien,3,0,1,0,0,1,0,0,0,0,0,0,5,2
2026-09-22,30,34057,F,Castelnau-le-Lez,Construction,1,0,0,0,1,0,0,0,0,0,0,2,5,1
2026-09-22,30,34057,H,Castelnau-le-Lez,Transports et entreposage,1,0,0,0,1,2,0,0,0,0,0,1,5,-1
2026-09-22,30,34087,Z,Cournonsec,Secteur non renseigne,0,0,1,0,0,0,0,0,0,0,0,4,5,0
2026-09-22,30,34123,G,Juvignac,"Commerce, reparation d'automobiles",2,0,0,0,0,2,0,0,0,0,0,1,5,0
2026-09-22,30,34145,G,Lunel,"Commerce, reparation d'automobiles",1,0,0,0,0,0,0,0,0,0,0,4,5,1
2026-09-22,30,34154,I,Mauguio,Hebergement et restauration,0,0,0,0,1,0,0,0,0,0,0,2,5,0
2026-09-22,30,34157,Z,Mèze,Secteur non renseigne,1,0,0,0,0,0,0,0,0,0,0,3,5,1
2026-09-22,30,34172,D,Montpellier,Production et distribution d'energie,0,0,0,0,4,0,0,0,0,0,0,1,5,0
2026-09-22,30,34172,P,Montpellier,Enseignement,1,0,0,0,0,2,0,1,0,0,1,1,5,-1
2026-09-22,30,34341,F,Villeveyrac,Construction,0,0,0,0,0,0,0,0,0,0,0,5,5,0
2026-09-22,30,34003,L,Agde,Activites immobilieres,1,0,1,0,1,1,0,0,0,0,0,0,4,0
2026-09-22,30,34057,G,Castelnau-le-Lez,"Commerce, reparation d'automobiles",1,0,0,0,0,2,0,0,0,0,0,0,4,-1
2026-09-22,30,34057,M,Castelnau-le-Lez,"Activites specialisees, scientifiques et techniques",0,0,0,0,0,0,0,0,0,0,0,3,4,0
2026-09-22,30,34108,G,Frontignan,"Commerce, reparation d'automobiles",1,0,0,0,0,1,0,0,0,0,0,2,4,0
2026-09-22,30,34123,H,Juvignac,Transports et entreposage,1,0,0,0,0,3,0,0,0,0,0,0,4,-2
2026-09-22,30,34129,F,Lattes,Construction,0,0,0,0,0,1,0,0,0,0,0,2,4,-1
2026-09-22,30,34154,M,Mauguio,"Activites specialisees, scientifiques et techniques",0,0,0,0,2,0,0,0,0,0,0,2,4,0
2026-09-22,30,34154,K,Mauguio,Activites financieres et d'assurance,0,0,2,0,0,0,0,0,0,0,0,2,4,0
2026-09-22,30,34199,G,Pézenas,"Commerce, reparation d'automobiles",1,0,0,0,0,0,0,0,0,0,0,3,4,1
2026-09-22,30,34199,Z,Pézenas,Secteur non renseigne,1,0,0,0,0,0,0,0,0,0,0,3,4,1
2026-09-22,30,34255,Z,Saint-Gély-du-Fesc,Secteur non renseigne,1,0,0,0,0,0,0,1,0,0,1,2,4,1
2026-09-22,30,34270,Z,Saint-Jean-de-Védas,Secteur non renseigne,0,0,0,0,1,0,0,0,0,0,0,3,4,0
2026-09-22,30,34300,Z,Servian,Secteur non renseigne,1,0,2,0,0,0,0,0,0,0,0,1,4,1
2026-09-22,30,34301,G,Sète,"Commerce, reparation d'automobiles",1,0,1,0,0,0,0,0,0,0,0,2,4,1
2026-09-22,30,34332,Z,Vias,Secteur non renseigne,1,0,0,0,1,1,0,0,0,0,0,1,4,0
2026-09-22,30,34337,Z,Villeneuve-lès-Maguelone,Secteur non renseigne,0,0,0,0,1,1,0,0,0,0,0,2,4,-1
2026-09-22,30,,Z,,Secteur non renseigne,0,0,0,0,0,3,0,0,0,0,0,0,3,-3
2026-09-22,30,34003,M,Agde,"Activites specialisees, scientifiques et techniques",0,0,1,0,1,0,0,0,0,0,0,1,3,0
2026-09-22,30,34022,H,Baillargues,Transports et entreposage,1,0,0,0,0,1,0,0,0,0,0,0,3,0
2026-09-22,30,34022,Z,Baillargues,Secteur non renseigne,0,0,0,0,0,1,0,0,0,0,0,2,3,-1
2026-09-22,30,34032,C,Béziers,Industrie manufacturiere,1,0,0,0,0,0,0,0,0,0,0,1,3,1
2026-09-22,30,34032,E,Béziers,"Eau, assainissement, dechets",2,0,0,0,0,1,0,0,0,0,0,0,3,1
2026-09-22,30,34032,K,Béziers,Activites financieres et d'assurance,0,0,0,0,0,0,0,0,0,0,0,3,3,0
2026-09-22,30,34058,Z,Castries,Secteur non renseigne,1,0,0,0,2,0,0,0,0,0,0,0,3,1
2026-09-22,30,34095,Z,Fabrègues,Secteur non renseigne,2,0,0,0,0,0,0,0,0,0,0,1,3,2
2026-09-22,30,34116,Z,Grabels,Secteur non renseigne,1,0,0,0,2,0,0,0,0,0,0,0,3,1
2026-09-22,30,34129,K,Lattes,Activites financieres et d'assurance,0,0,0,0,2,0,0,0,0,0,0,1,3,0
2026-09-22,30,34129,L,Lattes,Activites immobilieres,0,0,1,0,0,0,0,0,0,0,0,2,3,0
2026-09-22,30,34145,F,Lunel,Construction,1,0,0,0,0,0,0,0,0,0,0,1,3,1
2026-09-22,30,34154,N,Mauguio,Services administratifs et de soutien,0,0,0,0,1,0,0,0,0,0,0,2,3,0
2026-09-22,30,34172,Q,Montpellier,Sante humaine et action sociale,0,0,0,0,0,0,0,0,0,0,0,3,3,0
2026-09-22,30,34172,R,Montpellier,"Arts, spectacles et activites recreatives",0,0,0,0,0,1,0,0,0,0,0,1,3,-1
2026-09-22,30,34198,M,Pérols,"Activites specialisees, scientifiques et techniques",1,0,0,0,0,0,0,0,0,0,0,2,3,1
2026-09-22,30,34225,Z,Puisserguier,Secteur non renseigne,1,0,0,0,0,0,0,0,0,0,0,2,3,1
2026-09-22,30,34240,J,Saint-Aunès,Information et communication,0,0,0,0,0,0,0,0,0,0,0,3,3,0
2026-09-22,30,34240,M,Saint-Aunès,"Activites specialisees, scientifiques et techniques",0,0,0,0,0,0,0,0,0,0,0,3,3,0
2026-09-22,30,34259,Z,Saint-Georges-d'Orques,Secteur non renseigne,0,0,0,0,0,0,0,0,0,0,0,3,3,0
2026-09-22,30,34270,M,Saint-Jean-de-Védas,"Activites specialisees, scientifiques et techniques",0,0,0,0,0,1,0,0,0,0,0,2,3,-1
2026-09-22,30,34270,Q,Saint-Jean-de-Védas,Sante humaine et action sociale,1,0,0,0,0,0,0,0,0,0,0,2,3,1
2026-09-22,30,34276,G,Saint-Mathieu-de-Tréviers,"Commerce, reparation d'automobiles",2,0,0,0,0,0,0,0,0,0,0,1,3,2
2026-09-22,30,34301,L,Sète,Activites immobilieres,0,0,1,0,1,0,0,0,0,0,0,1,3,0
2026-09-22,30,34332,G,Vias,"Commerce, reparation d'automobiles",0,0,0,0,2,1,0,0,0,0,0,0,3,-1
2026-09-22,30,34003,G,Agde,"Commerce, reparation d'automobiles",1,0,0,0,0,0,0,0,0,0,0,1,2,1
2026-09-22,30,34003,N,Agde,Services administratifs et de soutien,2,0,0,0,0,0,0,0,0,0,0,0,2,2
2026-09-22,30,34003,I,Agde,Hebergement et restauration,1,0,0,0,0,1,0,0,0,0,0,0,2,0
2026-09-22,30,34023,I,Balaruc-les-Bains,Hebergement et restauration,0,0,0,0,0,0,0,0,0,0,0,2,2,0
2026-09-22,30,34024,G,Balaruc-le-Vieux,"Commerce, reparation d'automobiles",0,0,0,0,0,0,0,0,0,0,0,2,2,0
2026-09-22,30,34031,Z,Bessan,Secteur non renseigne,0,0,1,0,0,0,0,0,0,0,0,1,2,0
2026-09-22,30,34032,J,Béziers,Information et communication,1,0,0,0,1,0,0,0,0,0,0,0,2,1
2026-09-22,30,34039,N,Bouzigues,Services administratifs et de soutien,0,0,0,0,0,1,0,0,0,0,0,0,2,-1
2026-09-22,30,34039,Z,Bouzigues,Secteur non renseigne,0,0,0,0,1,0,0,0,0,0,0,1,2,0
2026-09-22,30,34052,G,Capestang,"Commerce, reparation d'automobiles",0,0,1,0,1,0,0,0,0,0,0,0,2,0
2026-09-22,30,34058,L,Castries,Activites immobilieres,0,0,0,0,0,0,0,0,0,0,0,2,2,0
2026-09-22,30,34058,M,Castries,"Activites specialisees, scientifiques et techniques",1,0,0,0,0,0,0,0,0,0,0,1,2,1
2026-09-22,30,34079,G,Clermont-l'Hérault,"Commerce, reparation d'automobiles",0,0,0,0,0,0,0,0,0,0,0,1,2,0
2026-09-22,30,34079,L,Clermont-l'Hérault,Activites immobilieres,0,0,0,1,0,1,0,0,0,0,0,0,2,-1
2026-09-22,30,34088,M,Cournonterral,"Activites specialisees, scientifiques et techniques",0,0,0,0,0,1,0,0,0,0,0,0,2,-1
2026-09-22,30,34088,Z,Cournonterral,Secteur non renseigne,1,0,0,0,0,0,0,0,0,0,0,1,2,1
2026-09-22,30,34090,M,Le Crès,"Activites specialisees, scientifiques et techniques",0,0,0,0,0,0,0,0,0,0,0,2,2,0
2026-09-22,30,34094,L,Espondeilhan,Activites immobilieres,0,0,0,0,0,0,0,0,0,0,0,2,2,0
2026-09-22,30,34095,G,Fabrègues,"Commerce, reparation d'automobiles",0,0,0,0,1,0,0,0,0,0,0,1,2,0
2026-09-22,30,34108,N,Frontignan,Services administratifs et de soutien,2,0,0,0,0,0,0,0,0,0,0,0,2,2
2026-09-22,30,34108,Z,Frontignan,Secteur non renseigne,1,0,1,0,0,0,0,0,0,0,0,0,2,1
2026-09-22,30,34108,J,Frontignan,Information et communication,1,0,0,0,0,0,0,0,0,0,0,1,2,1
2026-09-22,30,34108,I,Frontignan,Hebergement et restauration,0,0,0,1,0,0,0,0,0,0,0,1,2,0
2026-09-22,30,34111,G,Ganges,"Commerce, reparation d'automobiles",0,0,0,0,1,0,0,0,0,0,0,1,2,0
2026-09-22,30,34111,S,Ganges,Autres activites de services,0,0,0,1,0,0,0,0,0,0,0,1,2,0
2026-09-22,30,34113,G,Gigean,"Commerce, reparation d'automobiles",0,0,0,0,0,1,0,0,0,0,0,1,2,-1
2026-09-22,30,34113,H,Gigean,Transports et entreposage,1,0,0,0,0,1,0,0,0,0,0,0,2,0
2026-09-22,30,34116,G,Grabels,"Commerce, reparation d'automobiles",1,0,0,0,0,0,0,0,0,0,0,1,2,1
2026-09-22,30,34122,Z,Jonquières,Secteur non renseigne,2,0,0,0,0,0,0,0,0,0,0,0,2,2
2026-09-22,30,34123,F,Juvignac,Construction,0,0,0,0,1,1,0,0,0,0,0,0,2,-1
2026-09-22,30,34123,M,Juvignac,"Activites specialisees, scientifiques et techniques",1,0,0,0,0,1,0,0,0,0,0,0,2,0
2026-09-22,30,34123,Z,Juvignac,Secteur non renseigne,2,0,0,0,0,0,0,0,0,0,0,0,2,2
2026-09-22,30,34123,K,Juvignac,Activites financieres et d'assurance,0,0,1,0,0,0,0,0,0,0,0,1,2,0
2026-09-22,30,34129,M,Lattes,"Activites specialisees, scientifiques et techniques",0,0,0,0,0,0,0,0,0,0,0,1,2,0
2026-09-22,30,34129,I,Lattes,Hebergement et restauration,1,0,0,0,0,0,0,0,0,0,0,0,2,1
2026-09-22,30,34147,G,Magalas,"Commerce, reparation d'automobiles",0,0,0,0,0,1,0,0,0,0,0,1,2,-1
2026-09-22,30,34148,G,Maraussan,"Commerce, reparation d'automobiles",1,0,0,0,1,0,0,0,0,0,0,0,2,1
2026-09-22,30,34154,F,Mauguio,Construction,0,0,0,0,0,0,0,1,0,0,1,1,2,0
2026-09-22,30,34154,J,Mauguio,Information et communication,1,0,0,0,1,0,0,0,0,0,0,0,2,1
2026-09-22,30,34157,F,Mèze,Construction,0,0,0,0,0,1,0,0,0,0,0,0,2,-1
2026-09-22,30,34162,Z,Montagnac,Secteur non renseigne,0,0,0,0,1,1,0,0,0,0,0,0,2,-1
2026-09-22,30,34163,Z,Montarnaud,Secteur non renseigne,0,0,0,0,0,1,0,0,0,0,0,1,2,-1
2026-09-22,30,34172,E,Montpellier,"Eau, assainissement, dechets",0,0,0,0,2,0,0,0,0,0,0,0,2,0
2026-09-22,30,34179,M,Murviel-lès-Montpellier,"Activites specialisees, scientifiques et techniques",0,0,0,0,0,0,0,0,0,0,0,2,2,0
2026-09-22,30,34192,G,Palavas-les-Flots,"Commerce, reparation d'automobiles",1,0,0,0,1,0,0,0,0,0,0,0,2,1
2026-09-22,30,34198,G,Pérols,"Commerce, reparation d'automobiles",0,0,0,0,1,0,0,1,0,0,1,0,2,0
2026-09-22,30,34198,L,Pérols,Activites immobilieres,0,0,1,0,1,0,0,0,0,0,0,0,2,0
2026-09-22,30,34213,G,Poussan,"Commerce, reparation d'automobiles",0,0,1,0,1,0,0,0,0,0,0,0,2,0
2026-09-22,30,34217,Z,Prades-le-Lez,Secteur non renseigne,1,0,0,0,0,0,0,0,0,0,0,1,2,1
2026-09-22,30,34239,Z,Saint-André-de-Sangonis,Secteur non renseigne,0,0,0,0,1,0,0,0,0,0,0,1,2,0
2026-09-22,30,34242,Z,Saint-Bauzille-de-Montmel,Secteur non renseigne,0,0,0,0,1,0,0,0,0,0,0,1,2,0
2026-09-22,30,34255,L,Saint-Gély-du-Fesc,Activites immobilieres,0,0,0,0,0,1,0,0,0,0,0,1,2,-1
2026-09-22,30,34256,Z,Saint-Geniès-des-Mourgues,Secteur non renseigne,0,0,0,0,0,0,0,0,0,0,0,2,2,0
2026-09-22,30,34270,H,Saint-Jean-de-Védas,Transports et entreposage,1,0,0,0,0,1,0,0,0,0,0,0,2,0
2026-09-22,30,34270,L,Saint-Jean-de-Védas,Activites immobilieres,0,0,0,0,0,0,0,0,0,0,0,2,2,0
2026-09-22,30,34270,N,Saint-Jean-de-Védas,Services administratifs et de soutien,0,0,0,0,0,0,0,0,0,0,0,2,2,0
2026-09-22,30,34276,Z,Saint-Mathieu-de-Tréviers,Secteur non renseigne,1,0,0,0,0,0,0,0,0,0,0,1,2,1
2026-09-22,30,34280,M,Saint-Nazaire-de-Pézan,"Activites specialisees, scientifiques et techniques",0,0,0,0,2,0,0,0,0,0,0,0,2,0
2026-09-22,30,34296,C,Saussines,Industrie manufacturiere,0,0,0,0,0,0,0,0,0,0,0,2,2,0
2026-09-22,30,34298,G,Sauvian,"Commerce, reparation d'automobiles",1,0,0,0,0,1,0,0,0,0,0,0,2,0
2026-09-22,30,34301,A,Sète,"Agriculture, sylviculture et peche",0,0,0,0,1,0,0,0,0,0,0,1,2,0
2026-09-22,30,34301,I,Sète,Hebergement et restauration,1,0,0,0,0,1,0,0,0,0,0,0,2,0
2026-09-22,30,34301,R,Sète,"Arts, spectacles et activites recreatives",1,0,0,0,0,0,0,0,0,0,0,1,2,1
2026-09-22,30,34307,J,Sussargues,Information et communication,0,0,0,0,1,0,0,0,0,0,0,1,2,0
2026-09-22,30,34307,Z,Sussargues,Secteur non renseigne,0,0,1,0,0,0,0,0,0,0,0,1,2,0
2026-09-22,30,34309,G,Teyran,"Commerce, reparation d'automobiles",0,0,0,0,0,1,0,0,0,0,0,0,2,-1
2026-09-22,30,34309,Z,Teyran,Secteur non renseigne,1,0,0,0,0,0,0,0,0,0,0,1,2,1
2026-09-22,30,34320,M,Vailhauquès,"Activites specialisees, scientifiques et techniques",0,0,1,0,0,0,0,0,0,0,0,1,2,0
2026-09-22,30,34324,Z,Valras-Plage,Secteur non renseigne,0,0,0,1,0,0,0,0,0,0,0,1,2,0
2026-09-22,30,34327,G,Vendargues,"Commerce, reparation d'automobiles",0,0,0,0,0,1,0,0,0,0,0,1,2,-1
2026-09-22,30,34329,Z,Vendres,Secteur non renseigne,0,0,0,1,0,0,0,0,0,0,0,1,2,0
2026-09-22,30,34329,G,Vendres,"Commerce, reparation d'automobiles",0,0,0,0,1,1,0,0,0,0,0,0,2,-1
2026-09-22,30,34337,C,Villeneuve-lès-Maguelone,Industrie manufacturiere,0,0,0,0,0,1,0,0,0,0,0,0,2,-1
2026-09-22,30,34341,C,Villeveyrac,Industrie manufacturiere,0,0,0,0,1,0,0,0,0,0,0,1,2,0
2026-09-22,30,34344,M,La Grande-Motte,"Activites specialisees, scientifiques et techniques",0,0,0,0,0,0,0,0,0,0,0,2,2,0
2026-09-22,30,34344,I,La Grande-Motte,Hebergement et restauration,1,0,0,0,0,0,0,0,0,0,0,0,2,1
2026-09-22,30,,I,"Rimeize, Clermont-l'Hérault",Hebergement et restauration,0,0,0,1,0,0,0,0,0,0,0,0,1,0
2026-09-22,30,,G,"Avignon, Béziers","Commerce, reparation d'automobiles",0,0,0,1,0,0,0,0,0,0,0,0,1,0
2026-09-22,30,,R,Lyon IIe arrondissement,"Arts, spectacles et activites recreatives",0,0,0,0,0,0,0,0,0,0,0,0,1,0
2026-09-22,30,34002,K,Adissan,Activites financieres et d'assurance,0,0,0,0,0,0,0,0,0,0,0,1,1,0
2026-09-22,30,34002,G,Adissan,"Commerce, reparation d'automobiles",1,0,0,0,0,0,0,0,0,0,0,0,1,1
2026-09-22,30,34002,M,Adissan,"Activites specialisees, scientifiques et techniques",0,0,0,0,1,0,0,0,0,0,0,0,1,0
2026-09-22,30,34003,F,Agde,Construction,0,0,0,0,0,1,0,0,0,0,0,0,1,-1
2026-09-22,30,34003,P,Agde,Enseignement,0,0,1,0,0,0,0,0,0,0,0,0,1,0
2026-09-22,30,34003,S,Agde,Autres activites de services,0,0,0,0,1,0,0,0,0,0,0,0,1,0
2026-09-22,30,34005,S,Agonès,Autres activites de services,1,0,0,0,0,0,0,0,0,0,0,0,1,1
2026-09-22,30,34009,A,Alignan-du-Vent,"Agriculture, sylviculture et peche",1,0,0,0,0,0,0,0,0,0,0,0,1,1
2026-09-22,30,34010,Z,Aniane,Secteur non renseigne,0,0,0,0,1,0,0,0,0,0,0,0,1,0
2026-09-22,30,34010,G,Aniane,"Commerce, reparation d'automobiles",0,0,0,0,1,0,0,0,0,0,0,0,1,0
2026-09-22,30,34013,G,Aspiran,"Commerce, reparation d'automobiles",0,0,0,0,1,0,0,0,0,0,0,0,1,0
2026-09-22,30,34013,Z,Aspiran,Secteur non renseigne,0,0,0,0,0,1,0,0,0,0,0,0,1,-1
2026-09-22,30,34017,M,Aumes,"Activites specialisees, scientifiques et techniques",0,0,0,0,0,0,0,0,0,0,0,1,1,0
2026-09-22,30,34017,L,Aumes,Activites immobilieres,1,0,0,0,0,0,0,0,0,0,0,0,1,1
2026-09-22,30,34018,N,Autignac,Services administratifs et de soutien,1,0,0,0,0,0,0,0,0,0,0,0,1,1
2026-09-22,30,34019,L,Avène,Activites immobilieres,0,0,0,0,0,1,0,0,0,0,0,0,1,-1
2026-09-22,30,34022,N,Baillargues,Services administratifs et de soutien,1,0,0,0,0,0,0,0,0,0,0,0,1,1
2026-09-22,30,34022,G,Baillargues,"Commerce, reparation d'automobiles",0,0,0,0,0,1,0,0,0,0,0,0,1,-1
2026-09-22,30,34022,L,Baillargues,Activites immobilieres,0,0,0,0,0,0,0,0,0,0,0,1,1,0
2026-09-22,30,34023,C,Balaruc-les-Bains,Industrie manufacturiere,0,0,0,0,0,0,0,0,0,0,0,1,1,0
2026-09-22,30,34023,K,Balaruc-les-Bains,Activites financieres et d'assurance,0,0,0,0,0,0,0,0,0,0,0,1,1,0
2026-09-22,30,34023,M,Balaruc-les-Bains,"Activites specialisees, scientifiques et techniques",0,0,0,0,0,0,0,0,0,0,0,1,1,0
2026-09-22,30,34023,N,Balaruc-les-Bains,Services administratifs et de soutien,0,0,0,0,0,0,0,0,0,0,0,1,1,0
2026-09-22,30,34023,Z,Balaruc-les-Bains,Secteur non renseigne,0,0,0,0,0,0,0,0,0,0,0,1,1,0
2026-09-22,30,34023,Q,Balaruc-les-Bains,Sante humaine et action sociale,0,0,0,0,0,0,0,0,0,0,0,1,1,0
2026-09-22,30,34024,H,Balaruc-le-Vieux,Transports et entreposage,0,0,0,0,0,0,0,0,0,0,0,1,1,0
2026-09-22,30,34024,F,Balaruc-le-Vieux,Construction,0,0,0,0,0,0,0,0,0,0,0,1,1,0
2026-09-22,30,34025,G,Bassan,"Commerce, reparation d'automobiles",1,0,0,0,0,0,0,0,0,0,0,0,1,1
2026-09-22,30,34025,H,Bassan,Transports et entreposage,0,0,0,0,0,1,0,0,0,0,0,0,1,-1
2026-09-22,30,34027,N,Beaulieu,Services administratifs et de soutien,1,0,0,0,0,0,0,0,0,0,0,0,1,1
2026-09-22,30,34027,E,Beaulieu,"Eau, assainissement, dechets",1,0,0,0,0,0,0,0,0,0,0,0,1,1
2026-09-22,30,34027,L,Beaulieu,Activites immobilieres,0,0,0,0,0,0,0,0,0,0,0,1,1,0
2026-09-22,30,34028,S,Bédarieux,Autres activites de services,0,0,0,0,0,1,0,0,0,0,0,0,1,-1
2026-09-22,30,34031,L,Bessan,Activites immobilieres,0,0,0,0,0,0,0,0,0,0,0,1,1,0
2026-09-22,30,34031,M,Bessan,"Activites specialisees, scientifiques et techniques",0,0,0,0,1,0,0,0,0,0,0,0,1,0
2026-09-22,30,34032,D,Béziers,Production et distribution d'energie,1,0,0,0,0,0,0,0,0,0,0,0,1,1
2026-09-22,30,34033,F,Boisseron,Construction,0,0,0,0,0,0,0,0,0,0,0,1,1,0
2026-09-22,30,34036,Z,Le Bosc,Secteur non renseigne,0,0,0,0,0,0,0,0,0,0,0,1,1,0
2026-09-22,30,34036,D,Le Bosc,Production et distribution d'energie,0,0,0,0,0,0,0,0,0,0,0,1,1,0
2026-09-22,30,34044,G,Cabrerolles,"Commerce, reparation d'automobiles",0,0,0,0,0,0,0,0,0,0,0,1,1,0
2026-09-22,30,34047,E,Campagnan,"Eau, assainissement, dechets",0,0,0,0,0,1,0,0,0,0,0,0,1,-1
2026-09-22,30,34047,G,Campagnan,"Commerce, reparation d'automobiles",0,0,0,0,1,0,0,0,0,0,0,0,1,0
2026-09-22,30,34047,J,Campagnan,Information et communication,0,0,0,0,0,0,0,0,0,0,0,1,1,0
2026-09-22,30,34050,J,Candillargues,Information et communication,0,0,0,0,0,1,0,0,0,0,0,0,1,-1
2026-09-22,30,34050,K,Candillargues,Activites financieres et d'assurance,0,0,0,0,0,0,0,0,0,0,0,1,1,0
2026-09-22,30,34051,Z,Canet,Secteur non renseigne,1,0,0,0,0,0,0,0,0,0,0,0,1,1
2026-09-22,30,34052,J,Capestang,Information et communication,1,0,0,0,0,0,0,0,0,0,0,0,1,1
2026-09-22,30,34052,P,Capestang,Enseignement,1,0,0,0,0,0,0,0,0,0,0,0,1,1
2026-09-22,30,34056,Z,Castelnau-de-Guers,Secteur non renseigne,0,0,0,0,0,0,0,0,0,0,0,1,1,0
2026-09-22,30,34057,P,Castelnau-le-Lez,Enseignement,0,0,0,0,0,0,0,0,0,0,0,1,1,0
2026-09-22,30,34057,K,Castelnau-le-Lez,Activites financieres et d'assurance,0,0,0,0,0,0,0,0,0,0,0,1,1,0
2026-09-22,30,34057,Q,Castelnau-le-Lez,Sante humaine et action sociale,0,0,0,0,1,0,0,0,0,0,0,0,1,0
2026-09-22,30,34057,I,Castelnau-le-Lez,Hebergement et restauration,0,0,0,0,1,0,0,0,0,0,0,0,1,0
2026-09-22,30,34057,N,Castelnau-le-Lez,Services administratifs et de soutien,0,0,0,0,0,0,0,0,0,0,0,1,1,0
2026-09-22,30,34058,G,Castries,"Commerce, reparation d'automobiles",1,0,0,0,0,0,0,0,0,0,0,0,1,1
2026-09-22,30,34058,Q,Castries,Sante humaine et action sociale,0,0,0,0,0,0,0,0,0,0,0,1,1,0
2026-09-22,30,34058,C,Castries,Industrie manufacturiere,0,0,0,0,1,0,0,0,0,0,0,0,1,0
2026-09-22,30,34058,F,Castries,Construction,0,0,0,0,0,0,0,0,0,0,0,1,1,0
2026-09-22,30,34058,J,Castries,Information et communication,0,0,0,0,1,0,0,0,0,0,0,0,1,0
2026-09-22,30,34063,K,Caux,Activites financieres et d'assurance,0,0,0,0,0,0,0,0,0,0,0,1,1,0
2026-09-22,30,34063,I,Caux,Hebergement et restauration,0,0,0,0,1,0,0,0,0,0,0,0,1,0
2026-09-22,30,34063,J,Caux,Information et communication,1,0,0,0,0,0,0,0,0,0,0,0,1,1
2026-09-22,30,34063,S,Caux,Autres activites de services,0,0,1,0,0,0,0,0,0,0,0,0,1,0
2026-09-22,30,34063,Z,Caux,Secteur non renseigne,0,0,0,0,0,0,0,0,0,0,0,1,1,0
2026-09-22,30,34065,Z,Cazedarnes,Secteur non renseigne,0,0,0,0,0,0,0,0,0,0,0,1,1,0
2026-09-22,30,34068,G,Cazouls-d'Hérault,"Commerce, reparation d'automobiles",1,0,0,0,0,0,0,0,0,0,0,0,1,1
2026-09-22,30,34071,Z,Ceilhes-et-Rocozels,Secteur non renseigne,1,0,0,0,0,0,0,0,0,0,0,0,1,1
2026-09-22,30,34074,G,Cessenon-sur-Orb,"Commerce, reparation d'automobiles",0,0,0,0,0,0,0,0,0,0,0,1,1,0
2026-09-22,30,34074,K,Cessenon-sur-Orb,Activites financieres et d'assurance,0,0,0,0,0,0,0,0,0,0,0,1,1,0
2026-09-22,30,34074,L,Cessenon-sur-Orb,Activites immobilieres,0,0,0,0,0,0,0,0,0,0,0,1,1,0
2026-09-22,30,34074,Z,Cessenon-sur-Orb,Secteur non renseigne,0,0,0,0,0,0,0,0,0,0,0,1,1,0
2026-09-22,30,34077,H,Clapiers,Transports et entreposage,1,0,0,0,0,0,0,0,0,0,0,0,1,1
2026-09-22,30,34077,K,Clapiers,Activites financieres et d'assurance,1,0,0,0,0,0,0,0,0,0,0,0,1,1
2026-09-22,30,34077,L,Clapiers,Activites immobilieres,1,0,0,0,0,0,0,0,0,0,0,0,1,1
2026-09-22,30,34077,P,Clapiers,Enseignement,0,0,0,0,0,1,0,0,0,0,0,0,1,-1
2026-09-22,30,34078,C,Claret,Industrie manufacturiere,0,0,0,0,1,0,0,0,0,0,0,0,1,0
2026-09-22,30,34078,I,Claret,Hebergement et restauration,0,0,0,0,0,0,0,1,0,0,1,0,1,0
2026-09-22,30,34078,L,Claret,Activites immobilieres,0,0,0,0,1,0,0,0,0,0,0,0,1,0
2026-09-22,30,34079,Q,Clermont-l'Hérault,Sante humaine et action sociale,0,0,0,0,0,0,0,0,0,0,0,1,1,0
2026-09-22,30,34079,A,Clermont-l'Hérault,"Agriculture, sylviculture et peche",0,0,0,0,0,1,0,0,0,0,0,0,1,-1
2026-09-22,30,34079,C,Clermont-l'Hérault,Industrie manufacturiere,0,0,0,0,0,0,0,0,1,0,1,0,1,-1
2026-09-22,30,34079,S,Clermont-l'Hérault,Autres activites de services,0,0,1,0,0,0,0,0,0,0,0,0,1,0
2026-09-22,30,34079,Z,Clermont-l'Hérault,Secteur non renseigne,0,0,0,0,0,1,0,0,0,0,0,0,1,-1
2026-09-22,30,34079,N,Clermont-l'Hérault,Services administratifs et de soutien,0,0,1,0,0,0,0,0,0,0,0,0,1,0
2026-09-22,30,34081,Z,Colombiers,Secteur non renseigne,0,0,0,0,0,0,0,0,0,0,0,0,1,0
2026-09-22,30,34081,I,Colombiers,Hebergement et restauration,0,0,0,0,0,0,0,0,0,0,0,1,1,0
2026-09-22,30,34082,Z,Combaillaux,Secteur non renseigne,0,0,0,0,0,0,0,0,0,0,0,1,1,0
2026-09-22,30,34082,L,Combaillaux,Activites immobilieres,0,0,0,0,1,0,0,0,0,0,0,0,1,0
2026-09-22,30,34082,M,Combaillaux,"Activites specialisees, scientifiques et techniques",1,0,0,0,0,0,0,0,0,0,0,0,1,1
2026-09-22,30,34084,L,Corneilhan,Activites immobilieres,1,0,0,0,0,0,0,0,0,0,0,0,1,1
2026-09-22,30,34087,G,Cournonsec,"Commerce, reparation d'automobiles",0,0,0,0,0,0,0,0,0,0,0,1,1,0
2026-09-22,30,34087,L,Cournonsec,Activites immobilieres,1,0,0,0,0,0,0,0,0,0,0,0,1,1
2026-09-22,30,34087,M,Cournonsec,"Activites specialisees, scientifiques et techniques",0,0,0,0,0,0,0,0,0,0,0,1,1,0
2026-09-22,30,34088,F,Cournonterral,Construction,0,0,0,0,0,0,0,0,0,0,0,1,1,0
2026-09-22,30,34088,G,Cournonterral,"Commerce, reparation d'automobiles",0,0,0,0,0,1,0,0,0,0,0,0,1,-1
2026-09-22,30,34089,J,Creissan,Information et communication,1,0,0,0,0,0,0,0,0,0,0,0,1,1
2026-09-22,30,34090,L,Le Crès,Activites immobilieres,0,0,0,0,0,0,0,0,0,0,0,1,1,0
2026-09-22,30,34090,R,Le Crès,"Arts, spectacles et activites recreatives",0,0,0,0,0,1,0,0,0,0,0,0,1,-1
2026-09-22,30,34090,C,Le Crès,Industrie manufacturiere,0,0,0,1,0,0,0,0,0,0,0,0,1,0
2026-09-22,30,34090,G,Le Crès,"Commerce, reparation d'automobiles",0,0,0,0,1,0,0,0,0,0,0,0,1,0
2026-09-22,30,34090,Z,Le Crès,Secteur non renseigne,0,0,0,0,0,0,0,0,0,0,0,1,1,0
2026-09-22,30,34095,E,Fabrègues,"Eau, assainissement, dechets",0,0,1,0,0,0,0,0,0,0,0,0,1,0
2026-09-22,30,34095,R,Fabrègues,"Arts, spectacles et activites recreatives",0,0,0,0,0,0,0,0,0,0,0,1,1,0
2026-09-22,30,34095,L,Fabrègues,Activites immobilieres,1,0,0,0,0,0,0,0,0,0,0,0,1,1
2026-09-22,30,34095,N,Fabrègues,Services administratifs et de soutien,0,0,0,0,0,0,0,0,0,0,0,1,1,0
2026-09-22,30,34096,F,Faugères,Construction,0,0,0,0,0,1,0,0,0,0,0,0,1,-1
2026-09-22,30,34096,Z,Faugères,Secteur non renseigne,0,0,0,0,0,0,0,0,0,0,0,1,1,0
2026-09-22,30,34097,A,Félines-Minervois,"Agriculture, sylviculture et peche",0,0,0,0,1,0,0,0,0,0,0,0,1,0
2026-09-22,30,34101,K,Florensac,Activites financieres et d'assurance,1,0,0,0,0,0,0,0,0,0,0,0,1,1
2026-09-22,30,34108,F,Frontignan,Construction,0,0,0,0,0,0,0,0,0,0,0,1,1,0
2026-09-22,30,34108,M,Frontignan,"Activites specialisees, scientifiques et techniques",0,0,0,0,0,0,0,0,0,0,0,1,1,0
2026-09-22,30,34109,Z,Gabian,Secteur non renseigne,0,0,0,0,1,0,0,0,0,0,0,0,1,0
2026-09-22,30,34109,G,Gabian,"Commerce, reparation d'automobiles",1,0,0,0,0,0,0,0,0,0,0,0,1,1
2026-09-22,30,34111,L,Ganges,Activites immobilieres,1,0,0,0,0,0,0,0,0,0,0,0,1,1
2026-09-22,30,34111,Z,Ganges,Secteur non renseigne,0,0,0,0,0,0,0,0,1,0,1,0,1,-1
2026-09-22,30,34112,G,Garrigues,"Commerce, reparation d'automobiles",0,0,0,0,0,1,0,0,0,0,0,0,1,-1
2026-09-22,30,34113,Z,Gigean,Secteur non renseigne,1,0,0,0,0,0,0,0,0,0,0,0,1,1
2026-09-22,30,34114,I,Gignac,Hebergement et restauration,0,0,0,0,1,0,0,0,0,0,0,0,1,0
2026-09-22,30,34116,I,Grabels,Hebergement et restauration,0,0,0,0,0,0,0,0,0,0,0,1,1,0
2026-09-22,30,34116,K,Grabels,Activites financieres et d'assurance,0,0,0,0,0,0,0,0,0,0,0,1,1,0
2026-09-22,30,34120,G,Jacou,"Commerce, reparation d'automobiles",0,0,0,0,0,0,0,0,0,0,0,1,1,0
2026-09-22,30,34120,H,Jacou,Transports et entreposage,1,0,0,0,0,0,0,0,0,0,0,0,1,1
2026-09-22,30,34120,L,Jacou,Activites immobilieres,1,0,0,0,0,0,0,0,0,0,0,0,1,1
2026-09-22,30,34120,M,Jacou,"Activites specialisees, scientifiques et techniques",0,0,0,0,0,0,0,0,0,0,0,1,1,0
2026-09-22,30,34120,R,Jacou,"Arts, spectacles et activites recreatives",0,0,0,0,0,0,0,0,0,0,0,1,1,0
2026-09-22,30,34120,Z,Jacou,Secteur non renseigne,0,0,0,0,0,0,0,0,0,0,0,1,1,0
2026-09-22,30,34120,N,Jacou,Services administratifs et de soutien,0,0,0,0,0,0,0,0,0,0,0,1,1,0
2026-09-22,30,34120,K,Jacou,Activites financieres et d'assurance,0,0,0,0,0,0,0,0,0,0,0,1,1,0
2026-09-22,30,34122,L,Jonquières,Activites immobilieres,0,0,1,0,0,0,0,0,0,0,0,0,1,0
2026-09-22,30,34123,J,Juvignac,Information et communication,0,0,0,0,0,1,0,0,0,0,0,0,1,-1
2026-09-22,30,34126,Q,Lamalou-les-Bains,Sante humaine et action sociale,0,0,0,0,0,0,0,0,0,0,0,1,1,0
2026-09-22,30,34126,M,Lamalou-les-Bains,"Activites specialisees, scientifiques et techniques",0,0,0,0,1,0,0,0,0,0,0,0,1,0
2026-09-22,30,34127,S,Lansargues,Autres activites de services,0,0,0,0,0,0,0,0,0,0,0,1,1,0
2026-09-22,30,34127,N,Lansargues,Services administratifs et de soutien,0,0,0,0,0,0,0,0,1,0,1,0,1,-1
2026-09-22,30,34127,G,Lansargues,"Commerce, reparation d'automobiles",0,0,0,0,0,0,0,0,0,0,0,1,1,0
2026-09-22,30,34127,L,Lansargues,Activites immobilieres,1,0,0,0,0,0,0,0,0,0,0,0,1,1
2026-09-22,30,34127,P,Lansargues,Enseignement,0,0,0,0,0,1,0,0,0,0,0,0,1,-1
2026-09-22,30,34127,Z,Lansargues,Secteur non renseigne,1,0,0,0,0,0,0,0,0,0,0,0,1,1
2026-09-22,30,34128,F,Laroque,Construction,0,0,0,0,0,0,0,0,0,0,0,1,1,0
2026-09-22,30,34128,I,Laroque,Hebergement et restauration,0,0,0,0,0,0,0,0,0,0,0,1,1,0
2026-09-22,30,34129,G,Lattes,"Commerce, reparation d'automobiles",0,0,0,0,0,0,0,0,1,0,1,0,1,-1
2026-09-22,30,34129,P,Lattes,Enseignement,0,0,0,0,0,0,0,0,0,0,0,1,1,0
2026-09-22,30,34129,H,Lattes,Transports et entreposage,1,0,0,0,0,0,0,0,0,0,0,0,1,1
2026-09-22,30,34129,J,Lattes,Information et communication,0,0,0,0,0,0,0,0,0,0,0,1,1,0
2026-09-22,30,34130,A,Laurens,"Agriculture, sylviculture et peche",0,0,0,0,0,0,0,0,0,0,0,1,1,0
2026-09-22,30,34134,G,Lavérune,"Commerce, reparation d'automobiles",0,0,0,0,0,1,0,0,0,0,0,0,1,-1
2026-09-22,30,34135,J,Lespignan,Information et communication,0,0,0,0,0,1,0,0,0,0,0,0,1,-1
2026-09-22,30,34136,C,Lézignan-la-Cèbe,Industrie manufacturiere,1,0,0,0,0,0,0,0,0,0,0,0,1,1
2026-09-22,30,34136,J,Lézignan-la-Cèbe,Information et communication,1,0,0,0,0,0,0,0,0,0,0,0,1,1
2026-09-22,30,34139,C,Lieuran-lès-Béziers,Industrie manufacturiere,1,0,0,0,0,0,0,0,0,0,0,0,1,1
2026-09-22,30,34139,Z,Lieuran-lès-Béziers,Secteur non renseigne,0,0,1,0,0,0,0,0,0,0,0,0,1,0
2026-09-22,30,34140,G,Lignan-sur-Orb,"Commerce, reparation d'automobiles",1,0,0,0,0,0,0,0,0,0,0,0,1,1
2026-09-22,30,34142,H,Lodève,Transports et entreposage,0,0,0,0,0,1,0,0,0,0,0,0,1,-1
2026-09-22,30,34142,I,Lodève,Hebergement et restauration,0,0,0,0,0,0,0,0,0,0,0,1,1,0
2026-09-22,30,34142,M,Lodève,"Activites specialisees, scientifiques et techniques",0,0,0,0,0,0,0,0,0,0,0,1,1,0
2026-09-22,30,34143,G,Loupian,"Commerce, reparation d'automobiles",0,0,0,0,0,0,0,0,0,0,0,1,1,0
2026-09-22,30,34143,H,Loupian,Transports et entreposage,1,0,0,0,0,0,0,0,0,0,0,0,1,1
2026-09-22,30,34143,Z,Loupian,Secteur non renseigne,1,0,0,0,0,0,0,0,0,0,0,0,1,1
2026-09-22,30,34145,I,Lunel,Hebergement et restauration,0,0,0,0,0,1,0,0,0,0,0,0,1,-1
2026-09-22,30,34145,H,Lunel,Transports et entreposage,1,0,0,0,0,0,0,0,0,0,0,0,1,1
2026-09-22,30,34145,Q,Lunel,Sante humaine et action sociale,0,0,0,0,0,0,0,0,0,0,0,1,1,0
2026-09-22,30,34145,N,Lunel,Services administratifs et de soutien,0,0,1,0,0,0,0,0,0,0,0,0,1,0
2026-09-22,30,34146,N,Lunel-Viel,Services administratifs et de soutien,1,0,0,0,0,0,0,0,0,0,0,0,1,1
2026-09-22,30,34146,L,Lunel-Viel,Activites immobilieres,1,0,0,0,0,0,0,0,0,0,0,0,1,1
2026-09-22,30,34150,H,Marseillan,Transports et entreposage,0,0,0,0,0,0,0,0,0,0,0,1,1,0
2026-09-22,30,34150,G,Marseillan,"Commerce, reparation d'automobiles",0,0,0,0,1,0,0,0,0,0,0,0,1,0
2026-09-22,30,34151,K,Marsillargues,Activites financieres et d'assurance,0,0,0,0,0,0,0,0,0,0,0,1,1,0
2026-09-22,30,34151,I,Marsillargues,Hebergement et restauration,0,0,0,0,1,0,0,0,0,0,0,0,1,0
2026-09-22,30,34151,L,Marsillargues,Activites immobilieres,0,0,0,0,1,0,0,0,0,0,0,0,1,0
2026-09-22,30,34151,Z,Marsillargues,Secteur non renseigne,1,0,0,0,0,0,0,0,0,0,0,0,1,1
2026-09-22,30,34153,M,Les Matelles,"Activites specialisees, scientifiques et techniques",0,0,0,0,0,0,0,0,0,0,0,1,1,0
2026-09-22,30,34154,P,Mauguio,Enseignement,0,0,1,0,0,0,0,0,0,0,0,0,1,0
2026-09-22,30,34154,H,Mauguio,Transports et entreposage,0,0,0,0,1,0,0,0,0,0,0,0,1,0
2026-09-22,30,34154,L,Mauguio,Activites immobilieres,0,0,1,0,0,0,0,0,0,0,0,0,1,0
2026-09-22,30,34154,S,Mauguio,Autres activites de services,0,0,0,0,0,0,0,0,0,0,0,1,1,0
2026-09-22,30,34155,F,Maureilhan,Construction,0,0,0,0,1,0,0,0,0,0,0,0,1,0
2026-09-22,30,34155,G,Maureilhan,"Commerce, reparation d'automobiles",0,0,0,0,0,0,0,0,0,0,0,1,1,0
2026-09-22,30,34157,L,Mèze,Activites immobilieres,0,0,0,0,1,0,0,0,0,0,0,0,1,0
2026-09-22,30,34157,R,Mèze,"Arts, spectacles et activites recreatives",0,0,0,0,0,1,0,0,0,0,0,0,1,-1
2026-09-22,30,34157,K,Mèze,Activites financieres et d'assurance,0,0,0,0,0,0,0,0,0,0,0,1,1,0
2026-09-22,30,34157,N,Mèze,Services administratifs et de soutien,0,0,0,0,0,0,0,0,0,0,0,1,1,0
2026-09-22,30,34159,Z,Mireval,Secteur non renseigne,0,0,0,0,0,1,0,0,0,0,0,0,1,-1
2026-09-22,30,34161,Z,Montady,Secteur non renseigne,0,0,1,0,0,0,0,0,0,0,0,0,1,0
2026-09-22,30,34161,C,Montady,Industrie manufacturiere,0,0,0,0,1,0,0,0,0,0,0,0,1,0
2026-09-22,30,34161,G,Montady,"Commerce, reparation d'automobiles",1,0,0,0,0,0,0,0,0,0,0,0,1,1
2026-09-22,30,34162,C,Montagnac,Industrie manufacturiere,0,0,0,0,0,0,0,0,0,0,0,1,1,0
2026-09-22,30,34162,H,Montagnac,Transports et entreposage,0,0,0,0,0,1,0,0,0,0,0,0,1,-1
2026-09-22,30,34162,K,Montagnac,Activites financieres et d'assurance,0,0,0,0,0,0,0,0,0,0,0,1,1,0
2026-09-22,30,34162,A,Montagnac,"Agriculture, sylviculture et peche",0,0,0,0,0,1,0,0,0,0,0,0,1,-1
2026-09-22,30,34162,M,Montagnac,"Activites specialisees, scientifiques et techniques",0,0,0,0,1,0,0,0,0,0,0,0,1,0
2026-09-22,30,34164,M,Montaud,"Activites specialisees, scientifiques et techniques",0,0,0,0,0,0,0,0,0,0,0,1,1,0
2026-09-22,30,34166,Q,Montblanc,Sante humaine et action sociale,0,0,0,0,1,0,0,0,0,0,0,0,1,0
2026-09-22,30,34169,F,Montferrier-sur-Lez,Construction,0,0,0,0,0,0,0,0,0,0,0,1,1,0
2026-09-22,30,34169,L,Montferrier-sur-Lez,Activites immobilieres,0,0,0,0,0,0,0,0,0,0,0,1,1,0
2026-09-22,30,34174,I,Moulès-et-Baucels,Hebergement et restauration,0,0,0,0,0,0,0,0,0,0,0,1,1,0
2026-09-22,30,34174,Z,Moulès-et-Baucels,Secteur non renseigne,0,0,0,0,0,0,0,0,0,0,0,1,1,0
2026-09-22,30,34176,M,Mudaison,"Activites specialisees, scientifiques et techniques",0,0,0,0,0,0,0,0,0,0,0,1,1,0
2026-09-22,30,34176,Z,Mudaison,Secteur non renseigne,0,0,0,0,0,1,0,0,0,0,0,0,1,-1
2026-09-22,30,34183,G,Nissan-lez-Enserune,"Commerce, reparation d'automobiles",0,0,0,0,0,0,0,0,0,0,0,1,1,0
2026-09-22,30,34183,I,Nissan-lez-Enserune,Hebergement et restauration,0,0,0,0,0,0,0,0,1,0,1,0,1,-1
2026-09-22,30,34183,S,Nissan-lez-Enserune,Autres activites de services,0,0,0,0,0,0,0,0,0,0,0,1,1,0
2026-09-22,30,34183,M,Nissan-lez-Enserune,"Activites specialisees, scientifiques et techniques",0,0,1,0,0,0,0,0,0,0,0,0,1,0
2026-09-22,30,34184,I,Nizas,Hebergement et restauration,0,0,0,0,1,0,0,0,0,0,0,0,1,0
2026-09-22,30,34184,L,Nizas,Activites immobilieres,0,0,0,0,1,0,0,0,0,0,0,0,1,0
2026-09-22,30,34186,N,Octon,Services administratifs et de soutien,1,0,0,0,0,0,0,0,0,0,0,0,1,1
2026-09-22,30,34186,Z,Octon,Secteur non renseigne,0,0,0,0,1,0,0,0,0,0,0,0,1,0
2026-09-22,30,34187,F,Olargues,Construction,0,0,0,0,0,0,0,0,0,0,0,1,1,0
2026-09-22,30,34189,Z,Olonzac,Secteur non renseigne,1,0,0,0,0,0,0,0,0,0,0,0,1,1
2026-09-22,30,34191,G,Pailhès,"Commerce, reparation d'automobiles",0,0,0,0,1,0,0,0,0,0,0,0,1,0
2026-09-22,30,34192,J,Palavas-les-Flots,Information et communication,1,0,0,0,0,0,0,0,0,0,0,0,1,1
2026-09-22,30,34194,A,Paulhan,"Agriculture, sylviculture et peche",0,0,1,0,0,0,0,0,0,0,0,0,1,0
2026-09-22,30,34194,G,Paulhan,"Commerce, reparation d'automobiles",0,0,0,0,0,1,0,0,0,0,0,0,1,-1
2026-09-22,30,34194,C,Paulhan,Industrie manufacturiere,0,0,0,0,0,0,0,0,0,0,0,1,1,0
2026-09-22,30,34194,Z,Paulhan,Secteur non renseigne,0,0,0,0,0,0,0,0,0,0,0,1,1,0
2026-09-22,30,34198,I,Pérols,Hebergement et restauration,0,0,0,0,0,0,0,0,0,0,0,1,1,0
2026-09-22,30,34198,C,Pérols,Industrie manufacturiere,0,0,0,0,1,0,0,0,0,0,0,0,1,0
2026-09-22,30,34199,I,Pézenas,Hebergement et restauration,0,0,1,0,0,0,0,0,0,0,0,0,1,0
2026-09-22,30,34199,K,Pézenas,Activites financieres et d'assurance,0,0,0,0,0,0,0,0,0,0,0,1,1,0
2026-09-22,30,34199,F,Pézenas,Construction,0,0,0,0,1,0,0,0,0,0,0,0,1,0
2026-09-22,30,34199,L,Pézenas,Activites immobilieres,1,0,0,0,0,0,0,0,0,0,0,0,1,1
2026-09-22,30,34202,Q,Pignan,Sante humaine et action sociale,0,0,0,0,0,0,0,0,0,0,0,1,1,0
2026-09-22,30,34203,S,Pinet,Autres activites de services,1,0,0,0,0,0,0,0,0,0,0,0,1,1
2026-09-22,30,34207,K,Pomérols,Activites financieres et d'assurance,0,0,0,0,0,0,0,0,0,0,0,1,1,0
2026-09-22,30,34207,Z,Pomérols,Secteur non renseigne,1,0,0,0,0,0,0,0,0,0,0,0,1,1
2026-09-22,30,34207,M,Pomérols,"Activites specialisees, scientifiques et techniques",0,0,0,0,1,0,0,0,0,0,0,0,1,0
2026-09-22,30,34207,F,Pomérols,Construction,0,0,0,0,0,0,0,0,0,0,0,1,1,0
2026-09-22,30,34209,F,Portiragnes,Construction,0,0,0,0,0,0,0,0,0,0,0,1,1,0
2026-09-22,30,34209,G,Portiragnes,"Commerce, reparation d'automobiles",0,0,0,0,0,0,0,0,0,0,0,1,1,0
2026-09-22,30,34209,Z,Portiragnes,Secteur non renseigne,1,0,0,0,0,0,0,0,0,0,0,0,1,1
2026-09-22,30,34210,M,Le Pouget,"Activites specialisees, scientifiques et techniques",0,0,0,0,0,0,0,0,0,0,0,1,1,0
2026-09-22,30,34210,Z,Le Pouget,Secteur non renseigne,0,0,0,0,0,0,0,0,0,0,0,1,1,0
2026-09-22,30,34211,Z,Le Poujol-sur-Orb,Secteur non renseigne,1,0,0,0,0,0,0,0,0,0,0,0,1,1
2026-09-22,30,34213,J,Poussan,Information et communication,0,0,0,0,0,0,0,0,0,0,0,1,1,0
2026-09-22,30,34213,K,Poussan,Activites financieres et d'assurance,0,0,0,0,0,1,0,0,0,0,0,0,1,-1
2026-09-22,30,34213,M,Poussan,"Activites specialisees, scientifiques et techniques",0,0,0,0,0,0,0,0,0,0,0,1,1,0
2026-09-22,30,34213,C,Poussan,Industrie manufacturiere,0,0,0,0,0,0,0,0,0,0,0,0,1,0
2026-09-22,30,34213,Q,Poussan,Sante humaine et action sociale,0,0,0,0,0,0,0,0,0,0,0,1,1,0
2026-09-22,30,34214,Z,Pouzolles,Secteur non renseigne,1,0,0,0,0,0,0,0,0,0,0,0,1,1
2026-09-22,30,34217,I,Prades-le-Lez,Hebergement et restauration,0,0,0,0,1,0,0,0,0,0,0,0,1,0
2026-09-22,30,34217,K,Prades-le-Lez,Activites financieres et d'assurance,0,0,0,0,0,0,0,0,0,0,0,1,1,0
2026-09-22,30,34217,M,Prades-le-Lez,"Activites specialisees, scientifiques et techniques",0,0,0,0,0,0,0,0,0,0,0,1,1,0
2026-09-22,30,34223,L,Puimisson,Activites immobilieres,1,0,0,0,0,0,0,0,0,0,0,0,1,1
2026-09-22,30,34227,G,Restinclières,"Commerce, reparation d'automobiles",1,0,0,0,0,0,0,0,0,0,0,0,1,1
2026-09-22,30,34227,Z,Restinclières,Secteur non renseigne,0,0,0,0,0,0,0,0,0,0,0,1,1,0
2026-09-22,30,34227,M,Restinclières,"Activites specialisees, scientifiques et techniques",0,0,0,0,0,0,0,0,0,0,0,1,1,0
2026-09-22,30,34239,H,Saint-André-de-Sangonis,Transports et entreposage,1,0,0,0,0,0,0,0,0,0,0,0,1,1
2026-09-22,30,34239,S,Saint-André-de-Sangonis,Autres activites de services,0,0,0,0,0,1,0,0,0,0,0,0,1,-1
2026-09-22,30,34239,I,Saint-André-de-Sangonis,Hebergement et restauration,0,0,1,0,0,0,0,0,0,0,0,0,1,0
2026-09-22,30,34240,F,Saint-Aunès,Construction,0,0,0,0,0,1,0,0,0,0,0,0,1,-1
2026-09-22,30,34240,G,Saint-Aunès,"Commerce, reparation d'automobiles",0,0,0,0,1,0,0,0,0,0,0,0,1,0
2026-09-22,30,34240,Z,Saint-Aunès,Secteur non renseigne,0,0,0,0,1,0,0,0,0,0,0,0,1,0
2026-09-22,30,34242,K,Saint-Bauzille-de-Montmel,Activites financieres et d'assurance,0,0,0,0,0,0,0,0,0,0,0,1,1,0
2026-09-22,30,34243,G,Saint-Bauzille-de-Putois,"Commerce, reparation d'automobiles",0,0,0,0,0,0,0,0,0,0,0,1,1,0
2026-09-22,30,34243,M,Saint-Bauzille-de-Putois,"Activites specialisees, scientifiques et techniques",0,0,0,0,0,0,0,0,0,0,0,1,1,0
2026-09-22,30,34243,Z,Saint-Bauzille-de-Putois,Secteur non renseigne,0,0,0,0,0,0,0,0,0,0,0,1,1,0
2026-09-22,30,34244,S,Saint-Brès,Autres activites de services,0,0,1,0,0,0,0,0,0,0,0,0,1,0
2026-09-22,30,34246,Z,Entre-Vignes,Secteur non renseigne,1,0,0,0,0,0,0,0,0,0,0,0,1,1
2026-09-22,30,34247,M,Saint-Clément-de-Rivière,"Activites specialisees, scientifiques et techniques",0,0,0,0,0,0,0,0,0,0,0,1,1,0
2026-09-22,30,34247,P,Saint-Clément-de-Rivière,Enseignement,0,0,0,0,0,0,0,0,0,0,0,1,1,0
2026-09-22,30,34247,C,Saint-Clément-de-Rivière,Industrie manufacturiere,0,0,0,0,0,0,0,0,0,0,0,1,1,0
2026-09-22,30,34247,L,Saint-Clément-de-Rivière,Activites immobilieres,0,0,1,0,0,0,0,0,0,0,0,0,1,0
2026-09-22,30,34249,Q,Saint-Drézéry,Sante humaine et action sociale,0,0,0,0,0,0,0,0,0,0,0,1,1,0
2026-09-22,30,34249,Z,Saint-Drézéry,Secteur non renseigne,0,0,0,0,0,0,0,0,0,0,0,1,1,0
2026-09-22,30,34249,F,Saint-Drézéry,Construction,0,0,0,0,0,0,0,0,0,0,0,1,1,0
2026-09-22,30,34254,H,Saint-Félix-de-Lodez,Transports et entreposage,0,0,0,0,0,0,0,0,0,0,0,1,1,0
2026-09-22,30,34254,K,Saint-Félix-de-Lodez,Activites financieres et d'assurance,0,0,0,0,1,0,0,0,0,0,0,0,1,0
2026-09-22,30,34255,G,Saint-Gély-du-Fesc,"Commerce, reparation d'automobiles",1,0,0,0,0,0,0,0,0,0,0,0,1,1
2026-09-22,30,34255,N,Saint-Gély-du-Fesc,Services administratifs et de soutien,0,0,0,0,0,0,0,0,0,0,0,1,1,0
2026-09-22,30,34255,S,Saint-Gély-du-Fesc,Autres activites de services,0,0,0,0,0,0,0,0,0,0,0,1,1,0
2026-09-22,30,34255,M,Saint-Gély-du-Fesc,"Activites specialisees, scientifiques et techniques",0,0,0,0,1,0,0,0,0,0,0,0,1,0
2026-09-22,30,34258,G,Saint-Geniès-de-Fontedit,"Commerce, reparation d'automobiles",0,0,0,0,0,0,0,0,0,0,0,1,1,0
2026-09-22,30,34259,G,Saint-Georges-d'Orques,"Commerce, reparation d'automobiles",1,0,0,0,0,0,0,0,0,0,0,0,1,1
2026-09-22,30,34259,L,Saint-Georges-d'Orques,Activites immobilieres,0,0,0,0,0,0,0,0,0,0,0,1,1,0
2026-09-22,30,34262,Z,Saint-Guiraud,Secteur non renseigne,0,0,0,0,0,0,0,0,0,0,0,1,1,0
2026-09-22,30,34263,Z,Saint-Hilaire-de-Beauvoir,Secteur non renseigne,0,0,0,0,0,0,0,0,0,0,0,1,1,0
2026-09-22,30,34267,Z,Saint-Jean-de-Fos,Secteur non renseigne,0,0,0,0,0,0,0,0,0,0,0,1,1,0
2026-09-22,30,34269,C,Saint-Jean-de-Minervois,Industrie manufacturiere,0,0,0,0,1,0,0,0,0,0,0,0,1,0
2026-09-22,30,34270,P,Saint-Jean-de-Védas,Enseignement,0,0,0,0,0,0,0,0,0,0,0,0,1,0
2026-09-22,30,34270,F,Saint-Jean-de-Védas,Construction,0,0,0,0,0,0,0,0,0,0,0,1,1,0
2026-09-22,30,34270,I,Saint-Jean-de-Védas,Hebergement et restauration,0,0,0,1,0,0,0,0,0,0,0,0,1,0
2026-09-22,30,34272,L,Saint-Just,Activites immobilieres,0,0,0,0,0,1,0,0,0,0,0,0,1,-1
2026-09-22,30,34274,M,Saint-Martin-de-Londres,"Activites specialisees, scientifiques et techniques",0,0,1,0,0,0,0,0,0,0,0,0,1,0
2026-09-22,30,34274,I,Saint-Martin-de-Londres,Hebergement et restauration,0,0,0,0,0,0,0,0,0,0,0,1,1,0
2026-09-22,30,34274,L,Saint-Martin-de-Londres,Activites immobilieres,0,0,0,0,0,0,0,0,0,0,0,1,1,0
2026-09-22,30,34276,K,Saint-Mathieu-de-Tréviers,Activites financieres et d'assurance,0,0,0,0,0,0,0,0,0,0,0,1,1,0
2026-09-22,30,34276,L,Saint-Mathieu-de-Tréviers,Activites immobilieres,0,0,0,0,0,0,0,0,0,0,0,1,1,0
2026-09-22,30,34276,M,Saint-Mathieu-de-Tréviers,"Activites specialisees, scientifiques et techniques",1,0,0,0,0,0,0,0,0,0,0,0,1,1
2026-09-22,30,34280,G,Saint-Nazaire-de-Pézan,"Commerce, reparation d'automobiles",0,0,0,0,1,0,0,0,0,0,0,0,1,0
2026-09-22,30,34281,L,Saint-Pargoire,Activites immobilieres,0,0,0,0,0,0,0,0,0,0,0,1,1,0
2026-09-22,30,34287,I,Saint-Saturnin-de-Lucian,Hebergement et restauration,0,0,0,0,0,0,0,0,0,0,0,1,1,0
2026-09-22,30,34288,M,Saint-Sériès,"Activites specialisees, scientifiques et techniques",1,0,0,0,0,0,0,0,0,0,0,0,1,1
2026-09-22,30,34289,K,Saint-Thibéry,Activites financieres et d'assurance,0,0,0,0,0,0,0,0,0,0,0,1,1,0
2026-09-22,30,34289,R,Saint-Thibéry,"Arts, spectacles et activites recreatives",1,0,0,0,0,0,0,0,0,0,0,0,1,1
2026-09-22,30,34293,Z,La Salvetat-sur-Agout,Secteur non renseigne,0,0,0,0,0,1,0,0,0,0,0,0,1,-1
2026-09-22,30,34295,Z,Saussan,Secteur non renseigne,0,0,0,0,1,0,0,0,0,0,0,0,1,0
2026-09-22,30,34296,Z,Saussines,Secteur non renseigne,0,0,0,0,0,0,0,0,0,0,0,1,1,0
2026-09-22,30,34298,S,Sauvian,Autres activites de services,1,0,0,0,0,0,0,0,0,0,0,0,1,1
2026-09-22,30,34298,Z,Sauvian,Secteur non renseigne,0,0,0,0,0,0,0,0,0,0,0,0,1,0
2026-09-22,30,34298,K,Sauvian,Activites financieres et d'assurance,0,0,1,0,0,0,0,0,0,0,0,0,1,0
2026-09-22,30,34298,L,Sauvian,Activites immobilieres,0,0,1,0,0,0,0,0,0,0,0,0,1,0
2026-09-22,30,34299,P,Sérignan,Enseignement,0,0,0,0,1,0,0,0,0,0,0,0,1,0
2026-09-22,30,34299,R,Sérignan,"Arts, spectacles et activites recreatives",0,0,0,0,0,0,0,0,0,0,0,1,1,0
2026-09-22,30,34299,Z,Sérignan,Secteur non renseigne,0,0,0,0,0,0,0,0,0,0,0,1,1,0
2026-09-22,30,34299,C,Sérignan,Industrie manufacturiere,0,0,0,0,0,1,0,0,0,0,0,0,1,-1
2026-09-22,30,34299,L,Sérignan,Activites immobilieres,0,0,1,0,0,0,0,0,0,0,0,0,1,0
2026-09-22,30,34300,M,Servian,"Activites specialisees, scientifiques et techniques",0,0,0,0,0,0,0,0,0,0,0,1,1,0
2026-09-22,30,34300,G,Servian,"Commerce, reparation d'automobiles",0,0,0,0,0,1,0,0,0,0,0,0,1,-1
2026-09-22,30,34301,C,Sète,Industrie manufacturiere,0,0,0,0,0,0,0,0,0,0,0,1,1,0
2026-09-22,30,34301,Q,Sète,Sante humaine et action sociale,0,0,0,0,0,0,0,0,0,0,0,1,1,0
2026-09-22,30,34301,H,Sète,Transports et entreposage,1,0,0,0,0,0,0,0,0,0,0,0,1,1
2026-09-22,30,34301,K,Sète,Activites financieres et d'assurance,1,0,0,0,0,0,0,0,0,0,0,0,1,1
2026-09-22,30,34301,N,Sète,Services administratifs et de soutien,1,0,0,0,0,0,0,0,0,0,0,0,1,1
2026-09-22,30,34301,S,Sète,Autres activites de services,0,0,0,0,0,0,0,0,0,0,0,1,1,0
2026-09-22,30,34307,C,Sussargues,Industrie manufacturiere,0,0,0,0,0,0,0,0,0,0,0,1,1,0
2026-09-22,30,34307,M,Sussargues,"Activites specialisees, scientifiques et techniques",0,0,0,0,0,0,0,0,0,0,0,1,1,0
2026-09-22,30,34307,H,Sussargues,Transports et entreposage,0,0,0,0,0,1,0,0,0,0,0,0,1,-1
2026-09-22,30,34310,G,Thézan-lès-Béziers,"Commerce, reparation d'automobiles",0,0,0,0,0,0,0,0,0,0,0,0,1,0
2026-09-22,30,34310,E,Thézan-lès-Béziers,"Eau, assainissement, dechets",0,0,0,0,1,0,0,0,0,0,0,0,1,0
2026-09-22,30,34310,I,Thézan-lès-Béziers,Hebergement et restauration,0,0,0,0,0,1,0,0,0,0,0,0,1,-1
2026-09-22,30,34310,L,Thézan-lès-Béziers,Activites immobilieres,0,0,0,0,0,1,0,0,0,0,0,0,1,-1
2026-09-22,30,34310,Z,Thézan-lès-Béziers,Secteur non renseigne,1,0,0,0,0,0,0,0,0,0,0,0,1,1
2026-09-22,30,34320,E,Vailhauquès,"Eau, assainissement, dechets",0,0,0,0,0,0,0,0,0,0,0,1,1,0
2026-09-22,30,34320,G,Vailhauquès,"Commerce, reparation d'automobiles",0,0,0,0,0,0,0,0,0,0,0,1,1,0
2026-09-22,30,34321,K,Valergues,Activites financieres et d'assurance,0,0,0,0,0,0,0,0,0,0,0,1,1,0
2026-09-22,30,34321,L,Valergues,Activites immobilieres,0,0,0,0,0,0,0,0,0,0,0,1,1,0
2026-09-22,30,34322,J,Valflaunès,Information et communication,0,0,0,0,1,0,0,0,0,0,0,0,1,0
2026-09-22,30,34324,G,Valras-Plage,"Commerce, reparation d'automobiles",0,0,0,0,0,1,0,0,0,0,0,0,1,-1
2026-09-22,30,34325,A,Valros,"Agriculture, sylviculture et peche",0,0,0,0,1,0,0,0,0,0,0,0,1,0
2026-09-22,30,34325,Z,Valros,Secteur non renseigne,1,0,0,0,0,0,0,0,0,0,0,0,1,1
2026-09-22,30,34327,F,Vendargues,Construction,0,0,0,0,0,0,0,0,0,0,0,1,1,0
2026-09-22,30,34327,M,Vendargues,"Activites specialisees, scientifiques et techniques",0,0,0,0,0,1,0,0,0,0,0,0,1,-1
2026-09-22,30,34329,H,Vendres,Transports et entreposage,0,0,0,0,0,0,0,0,0,0,0,1,1,0
2026-09-22,30,34329,I,Vendres,Hebergement et restauration,0,0,0,0,0,0,0,0,0,0,0,1,1,0
2026-09-22,30,34332,I,Vias,Hebergement et restauration,0,0,0,0,1,0,0,0,0,0,0,0,1,0
2026-09-22,30,34332,H,Vias,Transports et entreposage,1,0,0,0,0,0,0,0,0,0,0,0,1,1
2026-09-22,30,34333,J,Vic-la-Gardiole,Information et communication,1,0,0,0,0,0,0,0,0,0,0,0,1,1
2026-09-22,30,34333,Z,Vic-la-Gardiole,Secteur non renseigne,0,0,0,0,0,0,0,0,0,0,0,1,1,0
2026-09-22,30,34336,M,Villeneuve-lès-Béziers,"Activites specialisees, scientifiques et techniques",0,0,0,0,0,0,0,0,0,0,0,1,1,0
2026-09-22,30,34336,A,Villeneuve-lès-Béziers,"Agriculture, sylviculture et peche",0,0,0,0,0,1,0,0,0,0,0,0,1,-1
2026-09-22,30,34336,Z,Villeneuve-lès-Béziers,Secteur non renseigne,1,0,0,0,0,0,0,0,0,0,0,0,1,1
2026-09-22,30,34340,G,Villetelle,"Commerce, reparation d'automobiles",0,0,0,0,0,1,0,0,0,0,0,0,1,-1
2026-09-22,30,34340,H,Villetelle,Transports et entreposage,1,0,0,0,0,0,0,0,0,0,0,0,1,1
2026-09-22,30,34340,J,Villetelle,Information et communication,0,0,0,0,0,0,0,0,0,0,0,1,1,0
2026-09-22,30,34340,Z,Villetelle,Secteur non renseigne,0,0,0,0,0,0,0,0,0,0,0,1,1,0
2026-09-22,30,34341,G,Villeveyrac,"Commerce, reparation d'automobiles",0,0,0,0,0,0,0,0,0,0,0,1,1,0
2026-09-22,30,34343,F,Viols-le-Fort,Construction,0,0,0,0,0,0,0,0,0,0,0,1,1,0
2026-09-22,30,34344,K,La Grande-Motte,Activites financieres et d'assurance,0,0,0,0,0,0,0,0,0,0,0,1,1,0
2026-09-22,30,34344,G,La Grande-Motte,"Commerce, reparation d'automobiles",1,0,0,0,0,0,0,0,0,0,0,0,1,1
