nom_commune,nb_creations,nb_immatriculations,nb_transferts,nb_ventes_fonds,nb_modifications,nb_radiations,nb_sauvegardes,nb_redressements,nb_liquidations,nb_plans_cession,nb_defaillances,nb_depots_comptes,nb_evenements,solde_net
Montpellier,178,0,43,7,119,91,0,18,32,0,50,375,886,55
Castelnau-le-Lez,14,0,5,1,15,10,0,0,3,0,3,60,112,1
Lattes,10,0,9,2,15,7,0,1,2,0,3,46,97,1
Saint-Jean-de-Védas,7,0,1,1,4,6,0,0,3,0,3,45,68,-2
Pérols,5,0,1,0,6,3,0,2,0,1,3,19,38,2
Béziers,50,0,29,3,32,29,0,0,2,0,2,140,291,19
Lunel,14,0,3,2,7,8,0,0,2,0,2,32,71,4
Mauguio,13,0,6,0,14,5,0,1,1,0,2,50,92,7
Le Crès,3,0,1,2,2,2,1,0,1,0,2,13,25,0
Saint-Gély-du-Fesc,2,0,1,0,1,1,0,1,1,0,2,23,30,0
commune inconnue,0,0,0,0,0,6,0,1,1,0,2,1,9,-7
Mèze,7,0,1,0,2,3,0,0,2,0,2,15,33,2
Sète,18,0,6,2,19,12,0,1,0,0,1,59,118,6
Clermont-l'Hérault,2,0,2,2,2,4,0,0,1,0,1,20,36,-3
La Grande-Motte,10,0,2,0,5,3,0,0,1,0,1,30,52,6
Gigean,2,0,0,0,0,3,0,0,1,0,1,11,17,-2
Baillargues,4,0,0,0,3,4,0,0,1,0,1,19,32,-1
Montarnaud,0,0,1,0,1,2,0,0,1,0,1,4,9,-3
Ganges,2,0,1,2,4,1,0,0,1,0,1,6,17,0
Saint-Georges-d'Orques,3,0,0,0,0,1,0,0,1,0,1,12,17,1
Vic-la-Gardiole,6,0,0,0,1,1,0,1,0,0,1,10,20,5
Maraussan,2,0,2,0,1,0,0,0,1,0,1,2,8,1
Perpignan,0,0,0,0,0,1,0,1,0,0,1,0,2,-1
Lansargues,2,0,0,0,0,2,0,0,1,0,1,3,8,-1
Nissan-lez-Enserune,0,0,1,0,0,3,0,0,1,0,1,5,10,-4
Pignan,2,0,0,1,0,0,0,0,1,0,1,4,8,1
Valflaunès,1,0,0,0,1,1,0,1,0,0,1,1,6,0
Claret,0,0,0,0,2,0,0,1,0,0,1,0,3,0
Saint-Sériès,1,0,0,0,0,0,0,0,1,0,1,3,5,0
Agde,19,0,6,1,14,14,0,0,0,0,0,64,120,5
Frontignan,10,0,1,1,1,5,0,0,0,0,0,20,38,5
Pézenas,5,0,2,3,2,2,0,0,0,0,0,29,44,3
Juvignac,12,0,1,0,3,11,0,0,0,0,0,4,32,1
Vendargues,3,0,1,0,3,7,0,0,0,0,0,20,35,-4
Vias,3,0,1,0,4,4,0,0,0,0,0,18,31,-1
Castries,3,0,0,0,5,2,0,0,0,0,0,16,26,1
Balaruc-les-Bains,1,0,0,0,2,1,0,0,0,0,0,13,17,0
Cournonsec,2,0,2,0,0,1,0,0,0,0,0,11,16,1
Fabrègues,4,0,1,0,3,0,0,0,0,0,0,15,23,4
Gignac,1,0,1,0,2,0,0,0,0,0,0,8,12,1
Grabels,6,0,1,0,3,1,0,0,0,0,0,14,25,5
Magalas,0,0,0,0,0,4,0,0,0,0,0,2,7,-4
Marseillan,4,0,1,0,7,1,0,0,0,0,0,13,27,3
Sauvian,4,0,2,0,0,3,0,0,0,0,0,11,21,1
Sérignan,3,0,1,0,2,4,0,0,0,0,0,10,23,-1
Teyran,5,0,0,0,2,3,0,0,0,0,0,10,21,2
Villeveyrac,0,0,0,0,1,0,0,0,0,0,0,10,11,0
Lavérune,0,0,0,0,1,2,0,0,0,0,0,10,13,-2
Maureilhan,0,0,0,0,3,0,0,0,0,0,0,8,11,0
Montferrier-sur-Lez,0,0,2,0,1,0,0,0,0,0,0,14,17,0
Palavas-les-Flots,4,0,0,0,2,0,0,0,0,0,0,9,16,4
Portiragnes,1,0,1,0,1,0,0,0,0,0,0,16,19,1
Prades-le-Lez,3,0,0,0,2,3,0,0,0,0,0,12,21,0
Saint-Aunès,1,0,0,0,3,3,0,0,0,0,0,14,21,-2
Villeneuve-lès-Béziers,4,0,1,0,1,2,0,0,0,0,0,12,20,2
Bédarieux,1,0,0,0,0,3,0,0,0,0,0,9,15,-2
Capestang,2,0,1,0,3,3,0,0,0,0,0,0,9,-1
Cazouls-lès-Béziers,5,0,0,0,3,0,0,0,0,0,0,5,14,5
Clapiers,5,0,0,0,2,1,0,0,0,0,0,7,15,4
Combaillaux,1,0,0,2,2,0,0,0,0,0,0,6,11,1
Cournonterral,1,0,1,0,1,2,0,0,0,0,0,9,15,-1
Lodève,4,0,0,1,1,2,0,0,0,0,0,5,13,2
Marsillargues,2,0,0,0,3,0,0,0,0,0,0,5,10,2
Montagnac,2,0,1,0,3,5,0,0,0,0,0,8,19,-3
Saint-André-de-Sangonis,6,0,1,1,3,1,0,0,0,0,0,1,13,5
Saint-Clément-de-Rivière,2,0,3,0,1,0,0,0,0,0,0,8,14,2
Vailhauquès,1,0,1,0,1,1,0,0,0,0,0,7,11,0
Vendres,1,0,1,1,1,1,0,0,0,0,0,9,14,0
Villeneuve-lès-Maguelone,5,0,0,0,3,3,0,0,0,0,0,5,17,2
Aniane,0,0,0,0,2,0,0,0,0,0,0,1,3,0
Aspiran,0,0,0,0,1,1,0,0,0,0,0,1,3,-1
Assas,1,0,0,0,0,1,0,0,0,0,0,2,4,0
Beaulieu,2,0,0,0,0,0,0,0,0,0,0,5,7,2
Boujan-sur-Libron,0,0,0,0,2,1,0,0,0,0,0,4,7,-1
Bouzigues,0,0,0,0,1,1,0,0,0,0,0,5,8,-1
Caux,4,0,2,1,1,0,0,0,0,0,0,3,11,4
Florensac,1,0,0,0,1,0,0,0,0,0,0,9,11,1
Jacou,4,0,0,0,2,1,0,0,0,0,0,11,18,3
Murviel-lès-Béziers,0,0,0,0,1,1,0,0,0,0,0,4,6,-1
Nébian,2,0,0,0,0,0,0,0,0,0,0,3,5,2
Paulhan,1,0,1,0,1,1,0,0,0,0,0,5,9,0
Poussan,1,0,2,0,2,2,0,0,0,0,0,9,17,-1
Restinclières,2,0,0,0,2,0,0,0,0,0,0,6,10,2
Saint-Martin-de-Londres,0,0,1,0,0,1,0,0,0,0,0,5,8,-1
Saint-Mathieu-de-Tréviers,6,0,0,0,0,1,0,0,0,0,0,7,15,5
Servian,2,0,2,0,1,1,0,0,0,0,0,4,10,1
Sussargues,0,0,1,0,2,1,0,0,0,0,0,6,10,-1
Villetelle,2,0,1,0,1,1,0,0,0,0,0,5,10,1
"Ginestas, Montpellier",0,0,0,1,1,0,0,0,0,0,0,0,2,0
"Avignon, Béziers",0,0,0,1,1,0,0,0,0,0,0,0,2,0
Balaruc-le-Vieux,1,0,0,0,0,1,0,0,0,0,0,7,9,0
Bassan,1,0,1,0,1,1,0,0,0,0,0,2,6,0
Bessan,0,0,1,0,1,0,0,0,0,0,0,5,7,0
Boisseron,0,0,0,0,0,3,0,0,0,0,0,1,4,-3
Candillargues,2,0,0,0,0,2,0,0,0,0,0,2,6,0
Cers,2,0,1,0,2,0,0,0,0,0,0,2,7,2
Cessenon-sur-Orb,0,0,0,0,0,0,0,0,0,0,0,5,5,0
Colombiers,0,0,0,0,1,0,0,0,0,0,0,4,7,0
Espondeilhan,1,0,0,0,1,0,0,0,0,0,0,3,5,1
Gabian,2,0,0,0,1,1,0,0,0,0,0,0,4,1
Jonquières,3,0,1,0,0,0,0,0,0,0,0,0,4,3
Lamalou-les-Bains,0,0,0,0,2,0,0,0,0,0,0,6,8,0
Laroque,0,0,0,0,0,0,0,0,0,0,0,4,4,0
Laurens,2,0,0,0,0,1,0,0,0,0,0,2,5,1
Lespignan,3,0,0,0,1,1,0,0,0,0,0,2,7,2
Lézignan-la-Cèbe,4,0,0,0,0,0,0,0,0,0,0,1,5,4
Lignan-sur-Orb,1,0,2,0,2,1,0,0,0,0,0,1,7,0
Loupian,2,0,0,0,0,1,0,0,0,0,0,2,6,1
Lunel-Viel,2,0,0,0,1,0,0,0,0,0,0,5,8,2
Les Matelles,0,0,1,0,0,0,0,0,0,0,0,2,3,0
Montady,1,0,1,0,2,0,0,0,0,0,0,1,5,1
Mudaison,0,0,0,0,1,1,0,0,0,0,0,3,5,-1
Murviel-lès-Montpellier,0,0,0,0,0,0,0,0,0,0,0,5,5,0
Octon,1,0,0,0,2,0,0,0,0,0,0,0,3,1
Pailhès,0,0,0,0,1,0,0,0,0,0,0,1,2,0
Pinet,1,0,0,0,1,0,0,0,0,0,0,2,4,1
Poilhes,1,0,0,0,0,0,0,0,0,0,0,1,2,1
Pomérols,1,0,1,0,1,0,0,0,0,0,0,2,5,1
Puissalicon,0,0,0,0,0,0,0,0,0,0,0,3,3,0
Puisserguier,1,0,0,0,0,1,0,0,0,0,0,5,7,0
Saint-Brès,0,0,1,0,0,0,0,0,0,0,0,3,4,0
Entre-Vignes,1,0,0,0,0,0,0,0,0,0,0,3,4,1
Saint-Drézéry,2,0,0,0,0,1,0,0,0,0,0,3,6,1
Saint-Geniès-des-Mourgues,0,0,1,0,0,0,0,0,0,0,0,2,3,0
Saint-Jean-de-Cornies,0,0,0,0,0,3,0,0,0,0,0,3,6,-3
Saint-Jean-de-la-Blaquière,0,0,0,0,0,0,0,0,0,0,0,3,3,0
Saint-Nazaire-de-Pézan,0,0,0,0,3,0,0,0,0,0,0,1,4,0
Saint-Thibéry,5,0,0,0,1,1,0,0,0,0,0,5,12,4
Saussan,2,0,0,0,1,0,0,0,0,0,0,3,6,2
Saussines,0,0,0,0,0,0,0,0,0,0,0,4,4,0
Thézan-lès-Béziers,1,0,0,0,2,2,0,0,0,0,0,0,6,-1
Le Triadou,0,0,0,0,1,0,0,0,0,0,0,1,2,0
Valergues,0,0,0,0,0,0,0,0,0,0,0,4,4,0
Valras-Plage,2,0,2,1,1,1,0,0,0,0,0,4,11,1
Viols-le-Fort,0,0,0,0,0,0,0,0,0,0,0,3,3,0
Lyon IIe arrondissement,0,0,0,0,0,0,0,0,0,0,0,0,1,0
Adissan,1,0,0,0,1,0,0,0,0,0,0,1,3,1
Agonès,1,0,0,0,0,0,0,0,0,0,0,0,1,1
Alignan-du-Vent,2,0,0,0,0,0,0,0,0,0,0,1,3,2
Argelliers,1,0,0,0,1,0,0,0,0,0,0,0,2,1
Aumelas,0,0,0,0,0,0,0,0,0,0,0,4,4,0
Aumes,2,0,0,0,0,0,0,0,0,0,0,1,3,2
Autignac,1,0,0,0,0,1,0,0,0,0,0,0,2,0
Avène,0,0,0,0,0,1,0,0,0,0,0,1,2,-1
Azillanet,0,0,0,0,0,1,0,0,0,0,0,1,2,-1
La Boissière,0,0,0,0,0,0,0,0,0,0,0,2,2,0
Le Bosc,0,0,0,0,0,0,0,0,0,0,0,3,3,0
Le Bousquet-d'Orb,0,0,0,0,1,0,0,0,0,0,0,1,2,0
Brenas,0,0,0,0,0,0,0,0,0,0,0,1,1,0
Brissac,0,0,0,0,0,0,0,0,0,0,0,1,1,0
Buzignargues,0,0,0,0,0,0,0,0,0,0,0,1,1,0
Cabrerolles,0,0,0,0,0,0,0,0,0,0,0,1,1,0
Campagnan,0,0,0,0,1,1,0,0,0,0,0,1,3,-1
Canet,3,0,0,0,0,1,0,0,0,0,0,2,6,2
Cassagnoles,0,0,0,0,0,1,0,0,0,0,0,0,1,-1
Castelnau-de-Guers,1,0,0,0,1,0,0,0,0,0,0,1,3,1
La Caunette,1,0,0,0,0,0,0,0,0,0,0,0,1,1
Le Caylar,0,0,0,0,0,0,0,0,0,0,0,1,1,0
Cazedarnes,0,0,0,0,0,0,0,0,0,0,0,2,2,0
Cazevieille,1,0,0,0,0,0,0,0,0,0,0,0,1,1
Cazilhac,0,0,0,0,1,0,0,0,0,0,0,2,3,0
Cazouls-d'Hérault,1,0,0,0,0,0,0,0,0,0,0,0,1,1
Cébazan,0,0,0,0,1,0,0,0,0,0,0,0,1,0
Ceilhes-et-Rocozels,1,0,0,0,0,0,0,0,0,0,0,0,1,1
Ceyras,0,0,0,0,0,1,0,0,0,0,0,0,1,-1
Colombières-sur-Orb,0,0,0,0,0,0,0,0,0,0,0,1,1,0
Corneilhan,1,0,0,0,1,0,0,0,0,0,0,0,2,1
Courniou,0,0,0,0,0,1,0,0,0,0,0,0,1,-1
Creissan,1,0,0,0,0,0,0,0,0,0,0,0,1,1
Cruzy,0,0,1,0,0,0,0,0,0,0,0,1,2,0
Faugères,0,0,0,0,0,1,0,0,0,0,0,1,2,-1
Félines-Minervois,0,0,0,0,1,0,0,0,0,0,0,0,1,0
Ferrals-les-Montagnes,0,0,0,0,0,0,0,0,0,0,0,1,1,0
Fontanès,0,0,0,0,0,0,0,0,0,0,0,1,1,0
Galargues,1,0,0,0,1,0,0,0,0,0,0,0,2,1
Garrigues,0,0,0,0,0,1,0,0,0,0,0,0,1,-1
Guzargues,0,0,0,0,1,0,0,0,0,0,0,0,1,0
Lauret,1,0,0,0,0,0,0,0,0,0,0,1,2,1
Liausson,0,0,0,0,0,0,0,0,0,0,0,1,1,0
Lieuran-lès-Béziers,1,0,1,0,0,0,0,0,0,0,0,1,3,1
La Livinière,0,0,0,0,0,0,0,0,0,0,0,1,1,0
Lunas-les-Châteaux,0,0,0,0,0,1,0,0,0,0,0,0,1,-1
Margon,0,0,0,0,0,1,0,0,0,0,0,1,2,-1
Minerve,0,0,1,0,0,0,0,0,0,0,0,1,2,0
Mireval,0,0,0,0,1,1,0,0,0,0,0,4,6,-1
Mons,0,0,0,0,1,0,0,0,0,0,0,0,1,0
Montaud,0,0,0,0,0,0,0,0,0,0,0,1,1,0
Montbazin,2,0,0,0,1,0,0,0,0,0,0,1,4,2
Montblanc,0,0,0,0,1,1,0,0,0,0,0,3,5,-1
Montoulieu,0,0,0,0,0,0,0,0,0,0,0,1,1,0
Montpeyroux,0,0,0,0,0,1,0,0,0,0,0,1,2,-1
Moulès-et-Baucels,0,0,0,0,0,0,0,0,0,0,0,2,2,0
Neffiès,2,0,0,0,0,0,0,0,0,0,0,0,2,2
Nézignan-l'Évêque,2,0,0,0,0,1,0,0,0,0,0,1,4,1
Nizas,0,0,0,0,2,0,0,0,0,0,0,0,2,0
Olargues,0,0,0,0,0,0,0,0,0,0,0,2,2,0
Olonzac,1,0,0,0,0,0,0,0,0,0,0,0,1,1
Péret,0,0,0,0,1,0,0,0,0,0,0,1,2,0
Plaissan,0,0,0,0,0,0,0,0,0,0,0,2,2,0
Les Plans,0,0,0,0,0,1,0,0,0,0,0,0,1,-1
Le Pouget,2,0,0,0,0,0,0,0,0,0,0,2,4,2
Le Poujol-sur-Orb,1,0,0,0,0,0,0,0,0,0,0,0,1,1
Pouzolles,1,0,0,0,0,0,0,0,0,0,0,0,2,1
Puimisson,2,0,0,0,0,0,0,0,0,0,0,0,2,2
Quarante,0,0,0,0,1,0,0,0,0,0,0,0,1,0
Riols,0,0,0,0,0,1,0,0,0,0,0,0,1,-1
Roujan,2,0,0,0,0,0,0,0,0,0,0,1,3,2
Saint-Bauzille-de-la-Sylve,0,0,1,0,0,0,0,0,0,0,0,0,1,0
Saint-Bauzille-de-Montmel,0,0,0,0,2,0,0,0,0,0,0,2,4,0
Saint-Bauzille-de-Putois,0,0,0,0,2,0,0,0,0,0,0,3,5,0
Saint-Chinian,0,0,0,0,0,0,0,0,0,0,0,0,1,0
Sainte-Croix-de-Quintillargues,0,0,0,0,0,0,0,0,0,0,0,3,3,0
Saint-Félix-de-Lodez,0,0,0,0,1,0,0,0,0,0,0,2,3,0
Saint-Geniès-de-Fontedit,0,0,0,0,0,0,0,0,0,0,0,4,4,0
Saint-Guilhem-le-Désert,1,0,0,0,0,0,0,0,0,0,0,0,1,1
Saint-Guiraud,0,0,0,0,0,0,0,0,0,0,0,1,1,0
Saint-Hilaire-de-Beauvoir,1,0,1,0,0,0,0,0,0,0,0,1,3,1
Saint-Jean-de-Cuculles,0,0,0,0,0,0,0,0,0,0,0,1,1,0
Saint-Jean-de-Fos,0,0,0,0,0,0,0,0,0,0,0,3,3,0
Saint-Jean-de-Minervois,0,0,0,0,1,0,0,0,0,0,0,0,1,0
Saint-Just,0,0,0,0,1,2,0,0,0,0,0,0,3,-2
Saint-Martin-de-l'Arçon,0,0,0,0,0,0,0,0,0,0,0,1,1,0
Saint-Nazaire-de-Ladarez,0,0,0,0,0,0,0,0,0,0,0,1,1,0
Saint-Pargoire,1,0,0,0,0,0,0,0,0,0,0,2,3,1
Saint-Paul-et-Valmalle,1,0,0,0,0,0,0,0,0,0,0,0,1,1
Saint-Pons-de-Thomières,0,0,0,0,0,0,0,0,0,0,0,1,1,0
Saint-Pons-de-Mauchiens,1,0,0,0,0,0,0,0,0,0,0,1,2,1
Saint-Saturnin-de-Lucian,0,0,0,0,0,0,0,0,0,0,0,1,1,0
Saint-Vincent-de-Barbeyrargues,0,0,0,0,0,0,0,0,0,0,0,1,1,0
La Salvetat-sur-Agout,0,0,0,0,0,1,0,0,0,0,0,1,2,-1
Saturargues,0,0,0,0,1,0,0,0,0,0,0,0,1,0
Sauteyrargues,0,0,0,0,0,0,0,0,0,0,0,1,1,0
Siran,0,0,0,0,0,0,0,0,0,0,0,1,1,0
Le Soulié,0,0,0,0,0,0,0,0,0,0,0,1,1,0
Tourbes,0,0,0,0,0,0,0,0,0,0,0,3,3,0
Valros,1,0,0,0,1,0,0,0,0,0,0,2,5,1
Vélieux,0,0,0,0,0,1,0,0,0,0,0,0,1,-1
Verreries-de-Moussans,0,0,0,0,0,0,0,0,0,0,0,1,1,0
